Source:,C:\Users\shiel\OneDrive\Documents\KiCad\weather_station\weather_station.kicad_sch,,,,,,,,,
Date:,4/20/2023 16:31,,,,,,,,,
Tool:,Eeschema 7.0.1,,,,,,,,,
Generator:,C:\Program Files\KiCad\7.0\bin\scripting\plugins/bom_csv_grouped_by_value.py,,,,,,,,,
Component Count:,47,,,,,,,,,
,,,,,,,,,,
Collated Components:,,,,,,,,,,
,,,,,,,,,,
Item,Qty,Reference(s),Value,LibPart,Footprint,Source,Link,part number, price , tot price 
1,2,"C1, C2",22 pF,Device:C_Small,Capacitor_SMD:C_1206_3216Metric_Pad1.33x1.80mm_HandSolder,digikey,https://www.digikey.com/en/products/detail/samsung-electro-mechanics/CL31C220JBCNNNC/3886861,1276-1203-1-ND, $0.12 , $0.24 
2,1,C3,1 uF,Device:C_Polarized,Capacitor_SMD:C_1206_3216Metric_Pad1.33x1.80mm_HandSolder,Jameco,https://www.jameco.com/webapp/wcs/stores/servlet/ProductDisplay?catalogId=10001&langId=-1&storeId=10001&productId=29831,29831, $0.14 , $0.14 
3,1,D1,1N4007,Device:D,Diode_SMD:D_SOD-123F,digikey,https://www.digikey.com/en/products/detail/smc-diode-solutions/1N4007FL/11657817,1655-1N4007FLCT-ND, $0.13 , $0.13 
4,1,J1,Power input ,Connector:Screw_Terminal_01x02,digikey-footprints:Term_Block_1x2_P5.08MM,digikey,https://www.digikey.com/en/products/detail/on-shore-technology-inc/OSTTC022162/614558,ED2609-ND, $0.57 , $0.57 
5,1,J2,Ground input,:Screw_Terminal_01x02_1,digikey-footprints:Term_Block_1x2_P5.08MM,digikey,https://www.digikey.com/en/products/detail/on-shore-technology-inc/OSTTC022162/614558,ED2609-ND, $0.57 , $0.57 
6,1,J3,6P4C,Connector:6P4C,custom_parts:RJ11_connector_jack,digikey,https://www.digikey.com/en/products/detail/amphenol-cs-fci/87180-064LF/1001370https://www.digikey.com/en/products/detail/amphenol-cs-fci/87180-064LF/1001370,609-1056-ND, $1.63 , $1.63 
7,1,J4,RTC-socket,Connector:Conn_01x08_Socket,custom_parts:PinSocket_1x08_P2.54mm_Vertical_RTC,digikey,https://www.digikey.com/en/products/detail/oupiin/2044-1X08G00SA/13251767,2553-2044-1X08G00SA-ND, $0.36 , $0.36 
8,1,J5,Micro_SD_Card_Adafruit,Connector:Micro_SD_Card,custom_parts:adafruit_microSD_breakout_board_8-pin,adafruit,https://www.adafruit.com/product/254,, $7.50 , $7.50 
9,1,J6,BME280-connector,Connector:Conn_01x04_Socket,custom_parts:JST-SH,adafruit,https://www.adafruit.com/product/4328,, $0.40 , $0.40 
10,1,On/Off1,SW_SPST,Switch:SW_SPST,custom_parts:Switch_Slide_SPST_DS04-254-2-01BK-SMT,digikey,https://www.digikey.com/en/products/detail/cui-devices/DS04-254-2-01BK-SMT/11310848,2223-DS04-254-2-01BK-SMT-ND, $0.71 , $0.71 
11,1,R1,20 K,Device:R,Resistor_SMD:R_1206_3216Metric_Pad1.30x1.75mm_HandSolder,digikey,https://www.digikey.com/en/products/detail/yageo/RC1206FR-0720KL/728672,311-20.0KFRCT-ND, $0.10 , $0.10 
12,2,"R2, R3",10 K,Device:R,Resistor_SMD:R_1206_3216Metric_Pad1.30x1.75mm_HandSolder,digikey,https://www.digikey.com/en/products/detail/stackpole-electronics-inc/RMCF1206FT10K0/1759669,RMCF1206FT10K0CT-ND, $0.10 , $0.20 
13,1,R4,470,Device:R,Resistor_SMD:R_1206_3216Metric_Pad1.30x1.75mm_HandSolder,digikey,https://www.digikey.com/en/products/detail/yageo/RC1206FR-07470RL/728934,311-470FRCT-ND, $0.10 , $0.10 
14,1,R5,4.7 K,Device:R,Resistor_SMD:R_1206_3216Metric_Pad1.30x1.75mm_HandSolder,digikey,https://www.digikey.com/en/products/detail/te-connectivity-passive-product/CRGCQ1206F4K7/8576420,A129818CT-ND, $0.10 , $0.10 
15,1,SW1,Reset_push,Switch:SW_Push,Button_Switch_SMD:SW_Tactile_SPST_NO_Straight_CK_PTS636Sx25SMTRLFS,digikey,https://www.digikey.com/en/products/detail/c-k/PTS636-SM50J-SMTR-LFS/10071732,CKN12319-1-ND, $0.21 , $0.21 
16,1,U_ATMega1,~,ATMega:ATMega328,digikey-footprints:Socket_DIP-28_7.62mm_Conn,digikey,https://www.digikey.com/en/products/detail/adam-tech/ICS-328-T/9832859,2057-ICS-328-T-ND, $0.24 , $0.24 
17,1,Y1,Crystal 16 MHz,Device:Crystal_Small,Crystal:Crystal_HC18-U_Vertical,Amazon,https://www.amazon.com/dp/B005MN8FPW?ref_=pe_1815430_211938580,?B005MN8FPW, $0.20 , $0.20 
18,1,Real Time Clock,DS3231,~,~,adafruit,https://www.adafruit.com/product/5188,5188, $13.95 , $13.95 
19,1,Coin battery,CR1220,~,~,Amazon,https://www.amazon.com/gp/product/B08GKYCD1Z/ref=ox_sc_act_title_2?smid=A2DJT6HLNLTD4S&th=1,B08GKYCD1Z, $0.42 , $0.42 
20,1,SD card,32 GB microSD ,~,~,amazon,https://www.amazon.com/KOOTION-Micro-Ultra-Memory-High-Speed/dp/B07WJ359P6/ref=sr_1_1_sspa?crid=1N6DDJP3KLNC2&keywords=microsd%2Bmemory%2Bcard%2Bpack&qid=1681326215&sprefix=microsd%2Bmemory%2Bcard%2Bpack%2Caps%2C98&sr=8-1-spons&spLa=ZW5jcnlwdGVkUXVhbGlmaWVyPUFFWlExTUJJSTMzRVImZW5jcnlwdGVkSWQ9QTEwMzc2ODcxV0Y0U0lQUjFSMVFaJmVuY3J5cHRlZEFkSWQ9QTA2NDcyODQxMjU5UjZHREdQVEEzJndpZGdldE5hbWU9c3BfYXRmJmFjdGlvbj1jbGlja1JlZGlyZWN0JmRvTm90TG9nQ2xpY2s9dHJ1ZQ&th=1,, $20.99 , $20.99 
21,1,Temp/humidity sensor,BME280,~,~,adafruit,https://www.adafruit.com/product/2652,2652, $14.95 , $14.95 
22,2,JST wire,Mini Micro SH 1.0 JST 4-pin connector plug male with 150mm cable,~,~,amazon,https://www.amazon.com/dp/B01DUC1M2O?ref_=pe_1815430_211938580,B01DUC1M2O, $0.42 , $0.84 
23,1,Microcontroller,ATMEGA328P-PU,~,~,digikey,https://www.digikey.com/en/products/detail/microchip-technology/ATMEGA328P-PU/1914589,ATMEGA328P-PU-ND, $2.89 , $2.89 
24,1,battery,18650 26V 2550mAh 7.5A,~,~,18650 battery store,https://www.18650batterystore.com/products/eve-26v-18650-button-top-battery,ICR18650-26V, $2.27 , $2.27 
25,1,battery holder,18650 Battery Clip Holder Box Case,~,~,Amazon,https://www.amazon.com/dp/B00LSG5BKO?ref_=pe_1815430_211938580,B00LSG5BKO, $0.80 , $0.80 
26,1,Wind sensors,Wind/Rain Sensor Assembly (less rain gauge),~,~,Argent Data,https://www.argentdata.com/catalog/product_info.php?products_id=145,80422, $68.00 , $68.00 
27,1,Electronics box,LP-70F,~,~,polycase,https://www.polycase.com/lp-70f,LP-70FMB, $5.40 , $5.40 
28,6,Housing box screws,"#4-24 x .25""",~,~,polycase,https://www.polycase.com/screws-mbr-100,SCREWS-MBR-100, $0.05 , $0.30 
29,1,sensor box,~,~,~,~,~,~, $4.08 , $4.08 
30,1,sensor box bolt,"#8-32 x 1/2""",~,~,Home depot,https://www.homedepot.com/p/8-32-x-1-2-in-Zinc-Plated-Combo-Round-Head-Machine-Screw-100-Pack-800732/204274425#overlay,800732, $0.09 , $0.09 
31,1,sensor box nut,#8-32,~,~,Home depot,https://www.homedepot.com/p/Everbilt-8-32-Zinc-Plated-Machine-Screw-Nut-100-Pack-800252/204273373,800252, $0.08 , $0.08 
32,4,sensor box screws,"#2 x 3/8""",~,~,Home depot,https://www.homedepot.com/p/Everbilt-2-x-3-8-in-Phillips-Round-Head-Brass-Wood-Screw-6-Pack-809901/204587524,809901, $0.25 , $1.00 
33,1,Mounting equipment - post,U post 3ft - 7 ft,~,~,Home depot,https://www.homedepot.com/p/Everbilt-1-in-x-2-1-4-in-x-7-ft-Green-Steel-Fence-U-Post-with-Anchor-Plate-901157EB/205960885,901157EB, $4.70-$10.28 , $4.70-$10.28 
34,1,Mounting equipment - bolt,"#8-32 x 1-3/4""",~,~,Home depot,https://www.homedepot.com/p/Everbilt-8-32-x-1-3-4-in-Zinc-Plated-Combo-Truss-Head-Machine-Screw-50-Pack-800992/204282656,800992, $0.18 , $0.18 
35,1,Mounting equipment - nut,#8-32,~,~,Home depot,https://www.homedepot.com/p/Everbilt-8-32-Zinc-Plated-Machine-Screw-Nut-100-Pack-800252/204273373,800252, $0.08 , $0.08 
36,1,Mounting equipment - clamp,Adjustable hose clamp,~,~,Argen Data,~,~, ~ ,~
